Sentence #,Word,POS,Tag
Sentence 0,``,``,O
,Alert,NNP,O
,Two,CD,O
,vulnerabilities,NNS,O
,have,VBP,O
,been,VBN,O
,reported,VBN,O
,in,IN,O
,the,DT,O
,Philips,NNP,B-ID
,IntelliBridge,NNP,I-ID
,leading,VBG,O
,to,TO,O
,security,NN,B-V
,bypass,NN,I-V
,and,CC,O
,default,NN,B-V
,account,NN,I-V
,severities,NNS,I-V
,.,.,O
,,,O
Sentence 1,``,``,O
,Alert,NNP,O
,Vulnerabilities,NNP,O
,have,VBP,O
,been,VBN,O
,reported,VBN,O
,in,IN,O
,CKEditor,NNP,B-ID
,that,WDT,O
,allows,VBZ,O
,an,DT,O
,unprivileged,JJ,O
,attacker,NN,O
,to,TO,O
,execute,VB,O
,a,DT,O
,cross-site,JJ,B-V
,scripting,NN,I-V
,attack,NN,I-V
,on,IN,O
,the,DT,O
,targeted,JJ,O
,system,NN,O
,.,.,O
,,,O
Sentence 2,``,``,O
,Alert,NNP,O
,Tardigrade,NNP,B-M
,is,VBZ,O
,a,DT,O
,custom,NN,O
,malware,NN,O
,that,WDT,O
,targets,VBZ,O
,biomanufacturing,VBG,B-ID
,facilities,NNS,B-ID
,.,.,O
,,,O
Sentence 3,``,``,O
,Alert,NNP,O
,Y1iiu,NNP,B-M
,Ransomware,NNP,I-M
,lock,VBZ,B-AP
,the,DT,I-AP
,files,NNS,I-AP
,and,CC,I-AP
,demands,VBZ,I-AP
,a,DT,I-AP
,ransom,NN,I-AP
,for,IN,I-AP
,unlocking,VBG,I-AP
,.,.,O
,,,O
Sentence 4,Alert,NNP,O
,Merlen,NNP,B-M
,is,VBZ,O
,malicious,JJ,O
,software,NN,O
,that,IN,O
,encrypts,VBZ,B-AP
,data,NNS,I-AP
,and,CC,I-AP
,demands,NNS,I-AP
,ransom,VBP,I-AP
,for,IN,I-AP
,the,DT,I-AP
,decryption,NN,I-AP
,.,.,O
Sentence 5,Alert,NNP,O
,Vulnerabilities,NNS,O
,have,VBP,O
,been,VBN,O
,reported,VBN,O
,in,IN,O
,the,DT,O
,JetBrains,NNP,B-ID
,products,NNS,O
,that,WDT,O
,lead,VBP,O
,to,TO,O
,security,NN,B-V
,bypass,NN,I-V
,and,CC,O
,weak,JJ,B-V
,security,NN,I-V
,errors,NNS,I-V
,.,.,O
Sentence 6,Alert,NNP,O
,BotenaGo,NNP,B-M
,botnet,NN,I-M
,targets,VBZ,O
,the,DT,O
,Internet,NNP,B-ID
,of,IN,I-ID
,Things,NNP,I-ID
,(,(,O
,IoT,NNP,O
,),),O
,by,IN,O
,using,VBG,O
,over,IN,O
,30,CD,O
,different,JJ,O
,exploits,NNS,O
Sentence 7,Alert,NNP,O
,Jvsmd,NNP,B-M
,Ransomware,NNP,I-M
,encrypts,VBZ,B-AP
,data/files,NNS,I-AP
,and,CC,I-AP
,demands,NNS,I-AP
,ransoms,NNS,I-AP
,for,IN,I-AP
,decryption,NN,I-AP
,.,.,O
Sentence 8,Alert,NNP,O
,Two,CD,O
,vulnerabilities,NNS,O
,have,VBP,O
,been,VBN,O
,reported,VBN,O
,in,IN,O
,the,DT,O
,Apache,NNP,B-ID
,products,NNS,O
,that,WDT,O
,could,MD,O
,lead,VB,O
,to,TO,O
,information,NN,B-V
,disclosure,NN,I-V
,&,CC,O
,LDAP,NNP,B-V
,injection,NN,I-V
,severities,NNS,I-V
,.,.,O
,,,O
Sentence 9,Alert,NNP,O
,MasterFred,NNP,B-M
,is,VBZ,O
,an,DT,O
,Android,NNP,B-ID
,malware,NN,O
,that,WDT,O
,uses,VBZ,O
,fake,VBP,B-AP
,login,NN,I-AP
,overlays,NNS,I-AP
,and,CC,O
,collects,NNS,O
,credit,NN,O
,card,NN,O
,details,NNS,O
,or,CC,O
,banking,VBG,O
,information,NN,O
,.,.,O
,,,O
Sentence 10,IKEA,NNP,B-ID
,hit,VBN,O
,by,IN,O
,a,DT,O
,cyber,NN,O
,attack,NN,O
,that,WDT,O
,uses,VBZ,O
,stolen,VBN,B-AP
,internal,JJ,I-AP
,reply-chain,NN,I-AP
,emails,NNS,I-AP
Sentence 11,Medium,NNP,O
,-,:,O
,CVE-2021-36332,JJ,B-V
,-,:,O
,Dell,NNP,B-ID
,EMC,NNP,I-ID
,CloudLink,NNP,I-ID
,7.1,CD,I-ID
,and,CC,O
,all,DT,O
,prior,JJ,O
,versions..,NN,O
Sentence 12,Marine,NNP,B-ID
,services,NNS,I-ID
,provider,NN,I-ID
,Swire,NNP,I-ID
,Pacific,NNP,I-ID
,Offshore,NNP,I-ID
,(,(,O
,SPO,NNP,O
,),),O
,hit,VBN,O
,by,IN,O
,Clop,NNP,B-M
,ransomware,NN,I-M
Sentence 13,About,IN,O
,10,CD,O
,million,CD,O
,Android,NNP,B-ID
,devices,NNS,O
,found,VBD,O
,infected,VBN,O
,with,IN,O
,Cynos,NNP,B-M
,malware,NN,O
Sentence 14,ThreatProtection,NN,O
,Smishing,VBG,B-AP
,campaign,NN,I-AP
,delivers,NNS,O
,TianySpy,VBP,B-M
,to,TO,O
,Japanese,NNP,B-ID
,mobile,JJ,I-ID
,users,NNS,I-ID
,",",",",O
,Symantec,NNP,O
,Endpoint,NNP,O
,Protection,NNP,O
,Mobile,NNP,O
,users,NNS,O
,are,VBP,O
,protected,VBN,O
Sentence 15,New,NNP,O
,malicious,JJ,O
,campaign,NN,O
,leveraging,VBG,O
,Babadeda,NNP,B-C
,crypter,NN,I-C
,to,TO,O
,deliver,VB,B-AP
,infostealers,NNS,I-AP
,and,CC,I-AP
,RATs,NNP,I-AP
,",",",",O
,read,VBD,O
,more,RBR,O
,https//broadcom.com/support/security-center/protection-bulletinblt60ef4ca12c1676b0_en-us,JJ,O
Sentence 16,Five,CD,B-TA
,Phoenix,NNP,I-TA
,hacking,VBG,O
,group,NN,O
,suspects,NNS,O
,arrested,VBN,O
,in,IN,O
,Ukraine,NNP,B-L
Sentence 17,Raccoon,NNP,B-M
,Stealer,NNP,I-M
,continues,VBZ,O
,to,TO,O
,lurk,VB,O
,in,IN,O
,the,DT,O
,threatscape,NN,O
,",",",",O
,read,VB,O
,more,RBR,O
,about,IN,O
,Symantec,NNP,O
,s,POS,O
,protections,NNS,O
Sentence 18,New,NNP,O
,backdoor,NN,O
,Macma,NNP,B-M
,delivered,VBN,O
,in,IN,O
,a,DT,O
,watering,NN,B-AP
,hole,NN,I-AP
,campaign,NN,I-AP
,",",",",O
,read,VBD,O
,more,RBR,O
Sentence 19,On,IN,O
,the,DT,O
,most,RBS,O
,recent,JJ,O
,CyberSecurityBrief,NNP,O
,podcast,NN,O
,",",",",O
,new,JJ,O
,techniques,NNS,O
,being,VBG,O
,used,VBN,O
,in,IN,O
,BazarLoader,NNP,B-M
,attacks,NNS,O
,",",",",O
,FBI,NNP,B-ID
,system,NN,O
,compromised,VBD,O
,to,TO,O
,send,VB,B-AP
,fake,JJ,I-AP
,email,NN,I-AP
,alerts,NNS,I-AP
,",",",",O
,is,VBZ,O
,Emotet,NNP,B-M
,back,RB,O
,",",",",O
,and,CC,O
,law,NN,O
,enforcement,NN,O
,cracks,VBZ,O
,down,RP,O
,on,IN,O
,some,DT,O
,ransomware,NN,O
,operators,NNS,O
,.,.,O
Sentence 20,ThreatProtection,NN,O
,Brazilian,JJ,B-ID
,banking,NN,I-ID
,users,NNS,I-ID
,targeted,VBN,O
,by,IN,O
,the,DT,O
,BrazKing,NNP,B-M
,mobile,NN,I-M
,malware,NN,I-M
,",",",",O
,read,VBD,O
,more,RBR,O
Sentence 21,ThreatProtection,NN,O
,Emotet,NNP,B-M
,is,VBZ,O
,back,RB,O
,and,CC,O
,utilizing,JJ,O
,Trickbot,NNP,B-M
,.,.,O
,Learn,NNP,O
,how,WRB,O
,Symantec,JJ,O
,protects,VBZ,O
,its,PRP$,O
,customers,NNS,O
Sentence 22,ThreatProtection,NN,O
,SharkBot,NNP,B-M
,is,VBZ,O
,another,DT,O
,Android,NNP,B-ID
,malware,NN,O
,looking,VBG,O
,to,TO,O
,steal,VB,B-AP
,your,PRP$,I-AP
,money,NN,I-AP
,",",",",O
,Symantec,NNP,O
,Endpoint,NNP,O
,Protection,NNP,O
,Mobile,NNP,O
,users,NNS,O
,are,VBP,O
,protected,VBN,O
Sentence 23,PhoneSpy,NNP,B-C
,Android,NNP,I-C
,spyware,NN,I-C
,campaign,NN,I-C
,targeting,VBG,O
,South,JJ,B-ID
,Korean,JJ,I-ID
,users,NNS,I-ID
Sentence 24,ThreatProtection,NN,O
,Symantec,NNP,O
,Endpoint,NNP,O
,Protection,NNP,O
,Mobile,NNP,O
,users,NNS,O
,are,VBP,O
,protected,VBN,O
,against,IN,O
,AbstractEmu,NNP,B-M
,Android,NNP,I-M
,malware,NN,I-M
,",",",",O
,read,VBD,O
,more,RBR,O
Sentence 25,ThreatProtection,NN,O
,Two,CD,O
,NPM,NNP,B-INF
,packages,NNS,I-INF
,hijacked,VBD,B-AP
,to,TO,I-AP
,deliver,VB,I-AP
,Danabot,NNP,B-M
,malware,NN,I-M
,",",",",O
,read,VBD,O
,more,RBR,O
Sentence 26,ThreatProtection,NN,O
,The,DT,O
,WatchDog,NNP,B-TA
,group,NN,I-TA
,observed,VBD,O
,using,VBG,O
,cryptojacking,VBG,B-C
,campaigns,NNS,I-C
,.,.,O
,Learn,VB,O
,how,WRB,O
,Symantec,JJ,O
,protects,VBZ,O
,its,PRP$,O
,customers,NNS,O
,https//broadcom.com/support/security-center/protection-bulletinblt781b685430f4ee3c_en-us,JJ,O
Sentence 27,Gamaredon,NNP,B-TA
,Attacks,NNP,O
,against,IN,O
,Ukraine,NNP,B-L
,grow,NN,O
,in,IN,O
,sophistication,NN,O
Sentence 28,ThreatProtection,NN,O
,Lockean,NNP,B-TA
,",",",",O
,a,DT,O
,newly,RB,O
,identified,VBN,O
,ransomware,NN,O
,group,NN,O
,",",",",O
,read,VBD,O
,more,RBR,O
,https//broadcom.com/support/security-center/protection-bulletinblt192770d2b9dfd6c6_en-us,JJ,O
Sentence 29,ThreatProtection,NNP,O
,SnakeKeylogger,NNP,B-M
,among,IN,O
,the,DT,O
,most,RBS,O
,prevalent,JJ,O
,Infostealers,NNS,O
,",",",",O
,read,VBD,O
,more,RBR,O
,https//broadcom.com/support/security-center/protection-bulletinblt9984a560f146d8b2_en-usâ€¦,JJ,O
,Malware,NNP,O
Sentence 30,``,``,O
,Alert,NNP,O
,IHA,NNP,B-M
,is,VBZ,O
,a,DT,O
,malicious,JJ,O
,threat,NN,O
,that,WDT,O
,belongs,VBZ,O
,to,TO,O
,the,DT,O
,NoCry,NNP,B-M
,ransomware,NN,I-M
,family,NN,O
,.,.,O
Sentence 31,``,``,O
,Alert,NNP,O
,Vulnerabilities,NNP,O
,have,VBP,O
,been,VBN,O
,reported,VBN,O
,in,IN,O
,Schneider,NNP,B-ID
,Electric,NNP,I-ID
,GUIcon,NNP,I-ID
,that,WDT,O
,could,MD,O
,be,VB,O
,exploited,VBN,O
,by,IN,O
,an,DT,O
,attacker,NN,O
,by,IN,O
,sending,VBG,B-AP
,a,DT,I-AP
,request,NN,I-AP
,that,IN,I-AP
,submits,VBZ,I-AP
,malicious,JJ,I-AP
,input,NN,I-AP
,to,TO,O
,the,DT,O
,targeted,JJ,O
,systems,NNS,O
,.,.,O
,,,O
Sentence 32,FBI,NNP,B-IND
,forensic,JJ,I-IND
,analysis,NN,I-IND
,indicates,VBZ,O
,that,IN,O
,an,DT,O
,advanced,JJ,O
,persistent,NN,O
,threat,NN,O
,(,(,O
,APT,NNP,O
,),),O
,group,NN,O
,is,VBZ,O
,exploiting,VBG,O
,a,DT,O
,zero-day,JJ,O
,vulnerability,NN,O
,in,IN,O
,FatPipe,NNP,B-ID
,WARP,NNP,I-ID
,",",",",O
,MPVPN,NNP,B-ID
,",",",",O
,and,CC,O
,IPVPN,NNP,B-ID
,device,NN,I-ID
,software,NN,I-ID
,.,.,O
,For,IN,O
,technical,JJ,O
,details,NNS,O
,and,CC,O
,recommended,VBD,O
,mitigations,NNS,O
,",",",",O
,visit,NN,O
,https//go.usa.gov/xeQN5,NN,O
,to,TO,O
,read,VB,O
,our,PRP$,O
,FLASH,NNP,O
,report,NN,O
,.,.,O
Sentence 33,New,NNP,O
,@,NNP,O
,FBI,NNP,B-IND
,forensic,JJ,I-IND
,analysis,NN,I-IND
,indicated,VBD,O
,exploitation,NN,O
,of,IN,O
,a,DT,O
,zeroday,JJ,O
,vulnerability,NN,O
,in,IN,O
,the,DT,O
,FatPipe,NNP,B-ID
,MPVPNÂ®,NNP,I-ID
,device,NN,I-ID
,software,NN,I-ID
,going,VBG,O
,back,RB,O
,to,TO,O
,at,IN,O
,least,JJS,O
,May,NNP,O
,2021,CD,O
,Review,NNP,O
,the,DT,O
,Flash,NNP,O
,for,IN,O
,more,JJR,O
,details,NNS,O
,.,.,O
Sentence 34,@,JJ,O
,CISAgov,NNP,O
,added,VBD,O
,new,JJ,O
,CVEs,NNP,O
,to,TO,O
,their,PRP$,O
,catalog,NN,O
,Exiftool,NNP,B-V
,Remote,NNP,I-V
,Code,NNP,I-V
,Execution,NNP,I-V
,vulnerability,NN,I-V
,Microsoft,NNP,B-V
,Win32k,NNP,I-V
,Elevation,NNP,I-V
,of,IN,I-V
,Privilege,NNP,I-V
,Microsoft,NNP,B-V
,Excel,NNP,I-V
,Security,NNP,I-V
,Feature,NNP,I-V
,Bypass,NNP,I-V
,Microsoft,NNP,B-V
,Exchange,NNP,I-V
,Server,NNP,I-V
,RCE,NNP,I-V
Sentence 38,A,DT,O
,new,JJ,O
,set,NN,O
,of,IN,O
,variants,NNS,O
,of,IN,O
,Joker,NNP,B-M
,malware,NN,I-M
,has,VBZ,O
,been,VBN,O
,discovered,VBN,O
,spreading,VBG,O
,via,IN,O
,the,DT,O
,Play,NNP,B-INF
,Store,NNP,I-INF
,.,.,O
Sentence 39,one,CD,O
,Joker,NNP,B-M
,variant,NN,I-M
,was,VBD,O
,observed,VBN,O
,exploiting,VBG,B-AP
,the,DT,I-AP
,popularity,NN,I-AP
,of,IN,I-AP
,Squid,NNP,I-AP
,Game,NNP,I-AP
,to,TO,I-AP
,lure,VB,I-AP
,unsuspecting,JJ,I-AP
,victims,NNS,I-AP
,.,.,O
Sentence 40,In,IN,O
,the,DT,O
,second,JJ,O
,stage,NN,O
,",",",",O
,the,DT,O
,payload,NN,B-M
,is,VBZ,I-M
,an,DT,I-M
,APK,NNP,I-M
,file,NN,I-M
,containing,VBG,I-M
,a,DT,I-M
,code,NN,I-M
,to,TO,O
,gather,VB,B-AP
,OTPs,NNP,I-AP
,using,VBG,O
,the,DT,O
,notification,NN,B-INF
,listener,NN,I-INF
,service,NN,I-INF
,.,.,O
Sentence 41,The,DT,O
,DarkSide,NNP,B-TA
,ransomware,NN,I-TA
,group,NN,I-TA
,had,VBD,O
,threatened,VBN,O
,to,TO,O
,share,NN,B-AP
,insider,NN,I-AP
,details,NNS,I-AP
,on,IN,I-AP
,businesses,NNS,I-AP
,trading,VBG,I-AP
,on,IN,I-AP
,NASDAQ,NNP,I-AP
,or,CC,I-AP
,other,JJ,I-AP
,stock,NN,I-AP
,markets,NNS,I-AP
,.,.,I-AP
Sentence 42,Last,JJ,O
,year,NN,O
,",",",",O
,the,DT,O
,REvil,NNP,B-TA
,group,NN,I-TA
,claimed,VBD,O
,to,TO,O
,consider,VB,O
,adding,VBG,O
,an,DT,O
,auto-email,JJ,B-M
,script,NN,I-M
,that,WDT,O
,would,MD,O
,reach,VB,B-AP
,stock,NN,I-AP
,exchanges,NNS,I-AP
,to,TO,I-AP
,let,VB,I-AP
,them,PRP,I-AP
,know,VB,I-AP
,that,IN,I-AP
,businesses,NNS,I-AP
,are,VBP,I-AP
,hit,VBN,I-AP
,by,IN,I-AP
,ransomware,NN,I-AP
,and,CC,I-AP
,it,PRP,I-AP
,may,MD,I-AP
,impact,VB,I-AP
,their,PRP$,I-AP
,stock,NN,I-AP
,price,NN,I-AP
,.,.,O
Sentence 43,A,DT,O
,ransomware,JJ,O
,attack,NN,O
,on,IN,O
,a,DT,O
,laboratory,NN,B-ID
,based,VBN,O
,in,IN,O
,Florida,NNP,B-L
,has,VBZ,O
,exposed,VBN,B-C
,the,DT,I-C
,personal,JJ,I-C
,health,NN,I-C
,information,NN,I-C
,(,(,O
,PHI,NNP,O
,),),O
,of,IN,O
,more,JJR,O
,than,IN,O
,"30,000",CD,O
,patients,NNS,O
Sentence 44,Gummy,NNP,B-C
,Browsers,NNP,I-C
,Attack,NNP,I-C
,Lets,NNP,O
,Hackers,NNP,O
,Spoof,NNP,B-AP
,Your,NNP,I-AP
,Digital,NNP,I-AP
,Identity,NNP,I-AP
Sentence 45,This,DT,O
,attack,NN,O
,technique,NN,O
,can,MD,O
,be,VB,O
,leveraged,VBN,O
,to,TO,O
,bypass,VB,B-AP
,2FA,CD,I-AP
,on,IN,I-AP
,auth,JJ,I-AP
,systems,NNS,I-AP
,.,.,O
Sentence 46,First,NNP,O
,is,VBZ,O
,spoofing,VBG,B-AP
,the,DT,I-AP
,victims,NN,I-AP
,fingerprint,NN,I-AP
,by,IN,I-AP
,executing,VBG,I-AP
,scripts,NNS,I-AP
,with,IN,I-AP
,Selenium,NNP,I-AP
,that,WDT,I-AP
,serve,VBP,I-AP
,values,NNS,I-AP
,obtained,VBN,I-AP
,by,IN,I-AP
,JavaScript,NNP,I-AP
,API,NNP,I-AP
,calls,VBZ,I-AP
,.,.,O
Sentence 47,After,IN,O
,failed,VBN,O
,fix,NN,O
,",",",",O
,researcher,NN,O
,releases,NNS,O
,exploit,VBP,O
,for,IN,O
,Windows,NNP,B-V
,EoP,NNP,I-V
,flaw,NN,I-V
,(,(,I-V
,CVE-2021-41379,NNP,I-V
,),),I-V
,-,:,O
,Help,$,O
,Net,JJ,O
,Security,NNP,O
,http//dlvr.it/SD64Y9,NN,O
,cybersecurity,NN,O
,threatintelligence,NN,O
,cybernews,NNS,O
Sentence 48,A,DT,O
,PDP,NNP,O
,11,CD,O
,by,IN,O
,Any,DT,O
,Other,JJ,O
,Name,NNP,O
,Heathkit,NNP,O
,H11,NNP,O
,Teardown,NNP,O
,and,CC,O
,Repair,NNP,O
,http//dlvr.it/SD34MV,VBP,O
,cybersecurity,NN,O
,threatintelligence,NN,O
,cybernews,NNS,O
Sentence 49,Alert,JJ,O
,Extortionist,NNP,B-M
,is,VBZ,O
,a,DT,O
,malicious,JJ,O
,program,NN,O
,that,WDT,O
,works,VBZ,O
,as,IN,O
,ransomware,NN,O
,and,CC,O
,demands,VBZ,B-AP
,a,DT,I-AP
,ransom,NN,I-AP
,.,.,O
Sentence 50,Alert,NNP,O
,Multiple,NNP,O
,vulnerabilities,NNS,O
,have,VBP,O
,been,VBN,O
,reported,VBN,O
,in,IN,O
,multiple,JJ,O
,Siemens,NNP,B-ID
,products,NNS,I-ID
,that,WDT,O
,lead,VBP,O
,to,TO,O
,DoS,NNP,B-AP
,",",",",O
,security,NN,B-AP
,bypass,NN,I-AP
,&,CC,O
,directory,NN,B-AP
,traversal,NN,I-AP
,severities,NNS,I-AP
,.,.,O
,,,O
Sentence 51,Alert,NNP,O
,Foxxy,NNP,B-M
,is,VBZ,O
,a,DT,O
,malicious,JJ,O
,program,NN,O
,that,WDT,O
,is,VBZ,O
,categorized,VBN,O
,as,IN,O
,ransomware,NN,O
,that,IN,O
,encrypts,VBZ,B-AP
,data/files,NNS,I-AP
,.,.,O
,,,O
Sentence 52,``,``,O
,Alert,NNP,O
,Ltnuhr,NNP,B-M
,is,VBZ,O
,a,DT,O
,malicious,JJ,O
,program,NN,O
,categorized,VBN,O
,as,IN,O
,ransomware,NN,O
,that,IN,O
,encrypts,VBZ,B-AP
,data,NNS,I-AP
,.,.,O
,,,O
Sentence 53,``,``,O
,Alert,NNP,O
,DoppelDridex,NNP,B-M
,is,VBZ,O
,a,DT,O
,modified,JJ,O
,variant,NN,O
,of,IN,O
,Dridex,NNP,B-M
,malware,NN,I-M
,.,.,O
,It,PRP,O
,is,VBZ,O
,used,VBN,O
,by,IN,O
,financially,RB,O
,motivate,JJ,O
,eCrime,NN,O
,threat,NN,O
,group,NN,O
,",",",",O
,DOPPEL,NNP,B-TA
,SPIDER,NNP,I-TA
,.,.,O
,,,O
Sentence 54,Alert,NNP,O
,Ranion,NNP,B-M
,Ransomware,NNP,I-M
,is,VBZ,O
,advertised,VBN,O
,as,IN,O
,a,DT,O
,RaaS,NNP,O
,(,(,O
,Ransomware-as-a-Service,NNP,O
,),),O
,in,IN,O
,the,DT,O
,Dark,NNP,B-INF
,Web,NNP,I-INF
,.,.,O
,,,O
Sentence 55,``,``,O
,Alert,NNP,O
,Atom,NNP,B-M
,Silo,NNP,I-M
,Ransomware,NNP,I-M
,has,VBZ,O
,been,VBN,O
,spotted,VBN,O
,abusing,VBG,O
,a,DT,O
,recently,RB,O
,patched,VBN,O
,vulnerability,NN,O
,in,IN,O
,Confluence,NNP,B-ID
,Server,NNP,I-ID
,and,CC,I-ID
,Data,NNP,I-ID
,Center,NNP,I-ID
,.,.,O
,,,O
Sentence 56,``,``,O
,Alert,NNP,O
,BetterSearch,NNP,B-M
,is,VBZ,O
,an,DT,O
,adware-type,JJ,O
,application,NN,O
,that,WDT,O
,comes,VBZ,O
,with,IN,O
,browser,NN,B-AP
,hijacker,NN,I-AP
,features,VBZ,I-AP
,.,.,O
,This,DT,O
,rogue,NN,O
,app,NN,O
,has,VBZ,O
,been,VBN,O
,spotted,VBN,O
,recently,RB,O
,.,.,O
,,,O
Sentence 57,Alert,NNP,O
,Decryptdelta,NNP,B-M
,is,VBZ,O
,a,DT,O
,malicious,JJ,O
,program,NN,O
,that,WDT,O
,is,VBZ,O
,identical,JJ,O
,to,TO,O
,the,DT,O
,Retrievedata,NNP,B-M
,ransomware,NN,I-M
,.,.,O
,This,DT,O
,threat,NN,O
,has,VBZ,O
,been,VBN,O
,discovered,VBN,O
,recently,RB,O
,.,.,O
Sentence 58,Alert,NNP,O
,SearchConvertersOnline,NNP,B-M
,is,VBZ,O
,a,DT,O
,web,JJ,B-AP
,browser,NN,I-AP
,hijacker,NN,I-AP
,app,VBZ,I-AP
,that,IN,I-AP
,promotes,VBZ,I-AP
,a,DT,I-AP
,fake,JJ,I-AP
,search,NN,I-AP
,engine,NN,I-AP
,.,.,O
,This,DT,O
,app,NN,O
,has,VBZ,O
,been,VBN,O
,discovered,VBN,O
,recently,RB,O
,.,.,O
,,,O
Sentence 59,``,``,O
,Alert,NNP,O
,Motnug,NNP,O
,is,VBZ,B-M
,a,DT,O
,shellcode,JJ,B-AP
,loader,NN,I-AP
,used,VBN,O
,by,IN,O
,SparklingGoblin,NNP,B-TA
,(,(,O
,based,VBN,O
,in,IN,O
,China,NNP,B-L
,),),O
,.,.,O
,Recently,RB,O
,",",",",O
,the,DT,O
,group,NN,O
,had,VBD,O
,targeted,VBN,O
,retail,JJ,B-ID
,firms,NNS,I-ID
,in,IN,O
,the,DT,O
,U.S,NNP,B-L
,.,.,O
,,,O
Sentence 60,Alert,NNP,O
,DeepBlueMagic,NNP,B-M
,is,VBZ,O
,a,DT,O
,ransomware,NN,O
,that,WDT,O
,has,VBZ,O
,unique,JJ,O
,characteristics,NNS,O
,that,WDT,O
,make,VBP,O
,it,PRP,O
,apart,RB,O
,from,IN,O
,the,DT,O
,common,JJ,O
,ransomware,NN,O
,.,.,O
,,,O
Sentence 61,``,``,O
,Alert,NNP,O
,PERDAK,NNP,B-M
,is,VBZ,O
,a,DT,O
,malicious,JJ,O
,program,NN,O
,that,WDT,O
,belongs,VBZ,O
,to,TO,O
,the,DT,O
,Phobos,NNP,B-M
,ransomware,NN,I-M
,group,NN,O
,.,.,O
,,,O
Sentence 62,Alert,NNP,O
,StealthWorker,NNP,B-M
,is,VBZ,O
,a,DT,O
,malware,JJ,O
,family,NN,O
,that,WDT,O
,has,VBZ,O
,recently,RB,O
,targeted,VBN,O
,network-attached,JJ,B-INF
,storage,NN,I-INF
,(,(,I-INF
,NAS,NNP,I-INF
,),),I-INF
,devices,NNS,I-INF
,to,TO,O
,make,VB,O
,a,DT,O
,botnet,NN,B-M
,network,NN,I-M
,.,.,O
,,,O
Sentence 63,Alert,NNP,O
,FlyTrap,NNP,B-M
,is,VBZ,I-M
,an,DT,I-M
,Android-based,JJ,I-M
,malware,NN,I-M
,that,WDT,O
,can,MD,O
,hijack,VB,B-AP
,Facebook,NNP,I-AP
,accounts,NNS,I-AP
,.,.,O
,This,DT,O
,threat,NN,O
,has,VBZ,O
,been,VBN,O
,discovered,VBN,O
,recently,RB,O
,.,.,O
Sentence 64,``,``,O
,Alert,NNP,O
,Cinobi,NNP,B-M
,malware,NN,I-M
,is,VBZ,O
,capable,JJ,O
,of,IN,O
,stealing,VBG,B-AP
,banking,NN,I-AP
,credentials,NNS,I-AP
,.,.,O
,Recently,RB,O
,",",",",O
,an,DT,O
,upgraded,JJ,O
,version,NN,O
,of,IN,O
,this,DT,O
,trojan,NN,O
,was,VBD,O
,spotted,VBN,O
,.,.,O
,,,O
Sentence 65,``,``,O
,Alert,NNP,O
,LEAKS,NNP,B-M
,ransomware,NN,I-M
,encrypts,NNS,B-AP
,data,NNS,I-AP
,and,CC,I-AP
,then,RB,I-AP
,demands,VBZ,I-AP
,ransom,NN,I-AP
,for,IN,I-AP
,the,DT,I-AP
,recovery,NN,I-AP
,of,IN,I-AP
,the,DT,I-AP
,data,NN,I-AP
,.,.,O
,,,O
Sentence 66,Alert,NNP,O
,Brunhilda,NNP,B-M
,is,VBZ,O
,a,DT,O
,dropper,JJ,O
,service,NN,O
,that,WDT,O
,uses,VBZ,O
,the,DT,O
,Play,NNP,B-INF
,Store,NNP,I-INF
,to,TO,O
,spread,VB,B-AP
,banking,NN,I-AP
,malware,NN,I-AP
,.,.,O
,Recently,RB,O
,",",",",O
,it,PRP,O
,was,VBD,O
,used,VBN,O
,to,TO,O
,spread,VB,O
,Vultur,NNP,B-M
,malware,NN,I-M
,.,.,O
Sentence 67,Alert,NNP,O
,Thor,NNP,B-M
,is,VBZ,I-M
,a,DT,I-M
,Remote,JJ,I-M
,Access,NNP,I-M
,Tool,NNP,I-M
,(,(,O
,RAT,NNP,O
,),),O
,and,CC,O
,rebranded,VBD,O
,code,NN,O
,of,IN,O
,PlugX,NNP,B-M
,malware,NN,I-M
,.,.,O
,In,IN,O
,March,NNP,O
,",",",",O
,it,PRP,O
,was,VBD,O
,used,VBN,O
,in,IN,O
,attacks,NNS,O
,aimed,VBN,O
,at,IN,O
,Exchange,NNP,I-ID
,Server,NNP,B-ID
,.,.,O
Sentence 68,Alert,NNP,O
,Vultur,NNP,B-M
,malware,NNP,I-M
,targets,NNS,O
,android,VBP,B-ID
,users,NNS,B-ID
,.,.,O
,It,PRP,O
,uses,VBZ,O
,the,DT,O
,VNC,NNP,B-INF
,tech,NN,I-INF
,to,TO,O
,recording,NN,B-AP
,and,CC,I-AP
,broadcasting,VBG,I-AP
,a,DT,I-AP
,victims,NNS,I-AP
,,POS,I-AP
,device,NN,I-AP
,activity,NN,I-AP
,.,.,O
Sentence 69,Alert,VB,O
,A,NNP,O
,vulnerability,NN,O
,has,VBZ,O
,been,VBN,O
,reported,VBN,O
,in,IN,O
,Linux,NNP,B-ID
,Kernel,NNP,I-ID
,which,WDT,O
,could,MD,O
,allow,VB,O
,a,DT,O
,malicious,JJ,O
,user,NN,O
,to,TO,O
,potentially,RB,O
,enable,VB,B-AP
,the,DT,I-AP
,escalation,NN,I-AP
,of,IN,I-AP
,privileges,NNS,I-AP
,and,CC,I-AP
,gain,NN,I-AP
,elevated,VBD,I-AP
,privileges,NNS,I-AP
,on,IN,O
,the,DT,O
,targeted,JJ,O
,systems,NNS,O
,via,IN,O
,local,JJ,O
,access,NN,O
,.,.,O
Sentence 70,``,``,O
,Alert,NNP,O
,PJobRAT,NNP,B-M
,is,VBZ,I-M
,android,JJ,I-M
,spyware,NN,I-M
,that,IN,O
,mainly,RB,O
,targets,NNS,O
,Indian,JJ,B-ID
,Military,NNP,I-ID
,personnel,NNS,I-ID
,.,.,O
,This,DT,O
,spyware,NN,O
,has,VBZ,O
,been,VBN,O
,discovered,VBN,O
,recently,RB,O
Sentence 71,Alert,NNP,O
,Crackonosh,NNP,B-M
,is,VBZ,I-M
,a,DT,I-M
,cryptocurrency-mining,JJ,I-M
,malware,NN,I-M
,that,WDT,O
,abuses,VBZ,B-AP
,Windows,NNP,I-AP
,Safe,NNP,I-AP
,mode,NN,I-AP
,.,.,O
,It,PRP,O
,has,VBZ,O
,been,VBN,O
,discovered,VBN,O
,to,TO,O
,be,VB,O
,active,JJ,O
,recently,RB,O
,.,.,O
Sentence 72,Alert,NNP,O
,BlackCocaine,NNP,B-M
,is,VBZ,I-M
,ransomware,JJ,I-M
,that,IN,O
,written,VBN,O
,in,IN,O
,the,DT,O
,Go,NNP,B-INF
,programming,JJ,I-INF
,language,NN,I-INF
,.,.,O
,Recently,RB,O
,",",",",O
,it,PRP,O
,has,VBZ,O
,targeted,VBN,O
,an,DT,O
,India-based,JJ,B-ID
,IT,NNP,I-ID
,firm,NN,I-ID
Sentence 73,Alert,NNP,O
,BloodBank,NNP,B-M
,is,VBZ,I-M
,a,DT,I-M
,credential,JJ,I-M
,theft,NN,I-M
,utility,NN,I-M
,used,VBN,O
,by,IN,O
,a,DT,O
,threat,NN,O
,actor,NN,O
,tracked,VBD,O
,as,IN,O
,UNC2630,NNP,B-TA
,.,.,O
,Recently,RB,O
,",",",",O
,the,DT,O
,group,NN,O
,has,VBZ,O
,compromised,VBN,O
,Pulse,NNP,B-ID
,Secure,NNP,I-ID
,devices,NNS,I-ID
,.,.,O
Sentence 74,Alert,NNP,O
,Qlocker,NNP,B-M
,is,VBZ,I-M
,ransomware,JJ,I-M
,that,IN,O
,operates,VBZ,O
,by,IN,O
,rendering,VBG,B-AP
,data,NNS,I-AP
,inaccessible,JJ,I-AP
,and,CC,I-AP
,asks,VBZ,I-AP
,for,IN,I-AP
,ransom,NN,I-AP
,.,.,O
,It,PRP,O
,has,VBZ,O
,been,VBN,O
,spotted,VBN,O
,recently,RB,O
,.,.,O
Sentence 75,Alert,NNP,O
,FatalRAT,NNP,B-M
,is,VBZ,I-M
,RAT,NNP,I-M
,that,WDT,O
,allows,VBZ,O
,its,PRP$,O
,users,NNS,O
,to,TO,O
,remotely,VB,B-AP
,control,VB,I-AP
,the,DT,I-AP
,infected,JJ,I-AP
,computer,NN,I-AP
,and,CC,I-AP
,other,JJ,I-AP
,operations,NNS,I-AP
,.,.,O
,This,DT,O
,RAT,NNP,O
,has,VBZ,O
,been,VBN,O
,discovered,VBN,O
,recently,RB,O
,.,.,O
Sentence 76,Alert,NNP,O
,Snip3,NNP,B-M
,is,VBZ,I-M
,a,DT,I-M
,highly,RB,I-M
,sophisticated,JJ,I-M
,Crypter-as-a-Service,NNP,I-M
,(,(,I-M
,CaaS,NNP,I-M
,),),O
,that,WDT,O
,has,VBZ,O
,been,VBN,O
,discovered,VBN,O
,delivering,VBG,B-AP
,various,JJ,I-AP
,RAT,NNP,I-AP
,families,NNS,I-AP
,onto,IN,O
,targeted,VBN,O
,systems,NNS,O
,.,.,O
Sentence 77,Alert,NNP,O
,BRATA,NNP,B-M
,is,VBZ,I-M
,a,DT,I-M
,RAT,NNP,I-M
,that,WDT,O
,is,VBZ,O
,developed,VBN,O
,to,TO,O
,target,VB,O
,Android,NNP,B-ID
,operating,VBG,I-ID
,systems-based,JJ,I-ID
,devices,NNS,I-ID
,.,.,O
,The,DT,O
,RAT,NNP,O
,has,VBZ,O
,been,VBN,O
,discovered,VBN,O
,recently,RB,O
,.,.,O
Sentence 78,Alert,NNP,B-M
,Flubot,NNP,I-M
,is,VBZ,I-M
,spyware,JJ,I-M
,that,IN,O
,targeted,VBD,O
,Android,NNP,B-ID
,phones,NNS,I-ID
,and,CC,O
,devices,NNS,O
,all,DT,O
,over,IN,O
,the,DT,O
,U.K,NNP,B-L
,.,.,O
,The,DT,O
,spyware,NN,O
,has,VBZ,O
,been,VBN,O
,active,JJ,O
,and,CC,O
,spreading,NN,O
,.,.,O
Sentence 79,Alert,NNP,O
,ToxicEye,NNP,B-M
,is,VBZ,I-M
,a,DT,I-M
,remote,JJ,I-M
,access,NN,I-M
,trojan,NN,I-M
,that,WDT,O
,exploits,VBZ,
,the,DT,O
,Telegram,NNP,B-INF
,service,NN,I-INF
,to,TO,O
,maintain,VB,B-AP
,control,NN,I-AP
,.,.,O
,Recently,RB,O
,",",",",O
,it,PRP,O
,has,VBZ,O
,been,VBN,O
,observed,VBN,O
,in,IN,O
,the,DT,O
,wild,NN,O
,.,.,O
Sentence 80,Alert,NNP,O
,FickerStealer,NNP,B-M
,is,VBZ,I-M
,an,DT,I-M
,info,JJ,I-M
,stealer,NN,I-M
,malware,NN,I-M
,offered,VBN,O
,as,IN,O
,a,DT,O
,MaaS,NNP,O
,on,IN,O
,underground,JJ,O
,hacker,NN,O
,forums,NNS,O
,.,.,O
,Recently,RB,O
,",",",",O
,it,PRP,O
,has,VBZ,O
,been,VBN,O
,spotted,VBN,O
,in,IN,O
,an,DT,O
,attack,NN,O
,campaign,NN,O
Sentence 81,Vulnerability,NN,O
,in,IN,O
,the,DT,O
,Insulet,NNP,B-ID
,OmniPod,NNP,I-ID
,Insulin,NNP,I-ID
,Management,NNP,I-ID
,System,NNP,I-ID
,allows,VBZ,O
,an,DT,O
,attacker,NN,O
,nearby,RB,O
,to,TO,O
,schedule,NN,O
,or,CC,O
,immediately,RB,B-AP
,inject,JJ,I-AP
,insulin,NN,I-AP
Sentence 82,New,NNP,O
,Windows,NNP,B-ID
,10,CD,I-ID
,MDM,NNP,I-ID
,privesc,JJ,I-ID
,zero-day,JJ,O
,gets,VBZ,O
,a,DT,O
,free,JJ,O
,micropatch,NN,O
Sentence 83,IKEA,NNP,B-ID
,is,VBZ,O
,battling,VBG,O
,an,DT,O
,ongoing,JJ,O
,cyberattack,NN,O
,where,WRB,O
,threat,NN,O
,actors,NNS,O
,are,VBP,O
,targeting,VBG,O
,employees,NNS,O
,in,IN,O
,internal,JJ,B-AP
,phishing,NN,I-AP
,attacks,NNS,I-AP
,using,VBG,O
,stolen,VBN,O
,reply-chain,NN,B-T
,emails,NNS,I-T
,.,.,O
Sentence 84,A,DT,O
,reply-chain,JJ,B-T
,email,NN,I-T
,attack,NN,O
,is,VBZ,O
,when,WRB,O
,threat,NN,O
,actors,NNS,O
,steal,VBP,O
,legitimate,JJ,O
,corporate,JJ,O
,email,NN,O
,and,CC,O
,then,RB,O
,reply,VB,O
,to,TO,O
,them,PRP,O
,with,IN,O
,links,NNS,O
,to,TO,O
,malicious,JJ,O
,documents,NNS,O
,that,IN,O
,install,NN,O
,malware,NN,O
,on,IN,O
,recipients,NNS,O
,,POS,O
,devices,NNS,O
,.,.,O
Sentence 85,As,IN,O
,the,DT,O
,reply-chain,NN,B-ID
,emails,NNS,I-ID
,are,VBP,O
,legitimate,JJ,O
,emails,NNS,O
,from,IN,O
,a,DT,O
,company,NN,O
,and,CC,O
,are,VBP,O
,commonly,RB,O
,sent,VBN,O
,from,IN,O
,compromised,VBN,B-INF
,email,NN,I-INF
,accounts,NNS,I-INF
,and,CC,O
,internal,JJ,B-INF
,servers,NNS,I-INF
,",",",",O
,recipients,NNS,O
,,POS,O
,will,MD,O
,trust,VB,O
,the,DT,O
,email,NN,O
,and,CC,O
,be,VB,O
,more,RBR,O
,likely,JJ,O
,to,TO,O
,open,VB,O
,the,DT,O
,malicious,JJ,O
,documents,NNS,O
,.,.,O
Sentence 86,In,IN,O
,internal,JJ,B-INF
,emails,NNS,I-INF
,seen,VBN,O
,by,IN,O
,BleepingComputer,NNP,B-ID
,",",",",O
,IKEA,NNP,B-ID
,is,VBZ,O
,warning,VBG,O
,employees,NNS,O
,of,IN,O
,an,DT,O
,ongoing,JJ,O
,reply-chain,NN,B-AP
,phishing,VBG,I-AP
,cyber-attack,JJ,I-AP
,targeting,VBG,O
,internal,JJ,B-INF
,mailboxes,NNS,I-INF
,.,.,O
,These,DT,O
,emails,NNS,O
,are,VBP,O
,also,RB,O
,being,VBG,O
,sent,VBN,O
,from,IN,O
,other,JJ,O
,compromised,VBN,O
,IKEA,NNP,B-ID
,organizations,NNS,O
,and,CC,O
,business,NN,O
,partners,NNS,O
,.,.,O
Sentence 87,``,``,O
,There,EX,O
,is,VBZ,O
,an,DT,O
,ongoing,JJ,O
,cyber-attack,NN,O
,that,WDT,O
,is,VBZ,O
,targeting,VBG,O
,Inter,NNP,O
,IKEA,NNP,B-ID
,mailboxes,NNS,I-ID
,.,.,O
,Other,JJ,O
,IKEA,NNP,B-ID
,organisations,NNS,O
,",",",",O
,suppliers,NNS,O
,",",",",O
,and,CC,O
,business,NN,O
,partners,NNS,O
,are,VBP,O
,compromised,VBN,O
,by,IN,O
,the,DT,O
,same,JJ,O
,attack,NN,O
,and,CC,O
,are,VBP,O
,further,JJ,O
,spreading,VBG,O
,malicious,JJ,O
,emails,NNS,B-M
,to,TO,O
,persons,NNS,O
,in,IN,O
,Inter,NNP,O
,IKEA,NNP,B-ID
,",",",",O
,,,O
,explained,VBD,O
,an,DT,O
,internal,JJ,B-IND
,email,NN,I-IND
,sent,VBD,O
,to,TO,O
,IKEA,NNP,B-ID
,employees,NNS,O
,and,CC,O
,seen,VBN,O
,by,IN,O
,BleepingComputer,NNP,B-INF
,.,.,O
Sentence 88,``,``,O
,This,DT,O
,means,VBZ,O
,that,IN,O
,the,DT,O
,attack,NN,O
,can,MD,O
,come,VB,O
,via,IN,O
,email,NN,B-IND
,from,IN,O
,someone,NN,O
,that,IN,O
,you,PRP,O
,work,VBP,O
,with,IN,O
,",",",",O
,from,IN,O
,any,DT,O
,external,JJ,B-INF
,organisation,NN,I-INF
,",",",",O
,and,CC,O
,as,IN,O
,a,DT,O
,reply,NN,O
,to,TO,O
,an,DT,O
,already,RB,O
,ongoing,JJ,O
,conversations,NNS,O
,.,.,O
,It,PRP,O
,is,VBZ,O
,therefore,RB,O
,difficult,JJ,O
,to,TO,O
,detect,VB,O
,",",",",O
,for,IN,O
,which,WDT,O
,we,PRP,O
,ask,VBP,O
,you,PRP,O
,to,TO,O
,be,VB,O
,extra,JJ,O
,cautious,JJ,O
,.,.,O
,,,O
Sentence 89,Patch,NNP,B-V
,Leaves,VBZ,O
,Windows,NNP,B-INF
,Servers,NNP,I-INF
,Subject,NNP,O
,To,TO,O
,Attacks,VB,O
Sentence 90,Suspected,VBN,O
,domain,NN,B-AP
,hijacking,VBG,I-AP
,results,NNS,O
,in,IN,O
,British,JJ,B-INF
,government,NN,I-INF
,website,NN,I-INF
,showing,VBG,O
,porn,NNS,B-IND
Sentence 91,Apple,NNP,B-INF
,sues,NNS,O
,Israeli,NNP,B-L
,spyware,NN,O
,group,NN,O
,NSO,NNP,B-ID
Sentence 92,``,``,O
,Once,RB,O
,on,IN,O
,a,DT,O
,victim,NN,O
,s,POS,O
,machine,NN,O
,",",",",O
,masquerading,VBG,O
,as,IN,O
,a,DT,O
,known,JJ,O
,application,NN,O
,with,IN,O
,a,DT,O
,complex,JJ,O
,obfuscation,NN,O
,also,RB,O
,means,VBZ,O
,that,IN,O
,anyone,NN,O
,relying,VBG,O
,on,IN,O
,signature-based,JJ,B-M
,malware,NN,O
,effectively,RB,O
,has,VBZ,O
,no,DT,O
,way,NN,O
,of,IN,O
,knowing,VBG,O
,Babadeda,NNP,B-M
,is,VBZ,O
,on,IN,O
,their,PRP$,O
,machine,NN,O
,â€”,NN,O
,or,CC,O
,of,IN,O
,stopping,VBG,O
,it,PRP,O
,from,IN,O
,executing,VBG,O
,.,.,O
,,,O
Sentence 93,CronRAT,NN,B-M
,:,:,O
,Linux,NNP,B-INF
,malware,NN,O
,scheduled,VBN,O
,to,TO,O
,run,VB,O
,on,IN,O
,February,NNP,O
,31st,CD,O
Sentence 94,Cybersecurity,NN,O
,in,IN,O
,the,DT,O
,ROS,NNP,B-INF
,2,CD,I-INF
,communication,NN,I-INF
,middleware,NN,I-INF
,",",",",O
,targeting,VBG,O
,the,DT,O
,top,JJ,O
,6,CD,O
,DDS,NNP,B-INF
,implementations,NNS,O
Sentence 95,All,DT,O
,Versions,NNP,O
,of,IN,O
,Windows,NNP,B-INF
,Are,NNP,O
,Vulnerable,NNP,O
,to,TO,
,a,DT,O
,New,NNP,O
,Zero-Day,NNP,O
,Exploit,NNP,O
Sentence 96,New,NNP,O
,differential,JJ,B-T
,fuzzing,NN,I-T
,tool,NN,I-T
,reveals,NNS,O
,novel,VBP,O
,HTTP,NNP,B-AP
,request,NN,I-AP
,smuggling,VBG,I-AP
,techniques,NNS,I-AP
Sentence 97,9.3M+,CD,O
,Androids,NNP,B-INF
,Running,NNP,O
,Malicious,NNP,O
,,POS,O
,Games,NNS,B-IND
,from,IN,O
,Huawei,NNP,B-INF
,AppGallery,NNP,B-ID
Sentence 98,New,NNP,O
,Variants,NNS,O
,Of,IN,O
,Android,NNP,B-INF
,Spyware,NNP,O
,Are,NNP,O
,Targeting,NNP,O
,Middle,NNP,B-L
,East,NNP,I-L
,Users,NNS,O
Sentence 99,Attackers,NNS,O
,Actively,RB,O
,Target,NNP,O
,Windows,NNP,B-INF
,Installer,NNP,I-INF
,Zero-Day,NNP,O
Sentence 100,How,WRB,O
,a,DT,O
,malicious,JJ,O
,Android,NNP,B-INF
,app,NN,O
,could,MD,O
,covertly,RB,O
,turn,VB,O
,the,DT,O
,DSP,NNP,B-INF
,in,IN,O
,your,PRP$,O
,MediaTek-powered,JJ,B-INF
,phone,NN,I-INF
,into,IN,O
,an,DT,O
,eavesdropping,NN,B-M
,bug,NN,I-M
Sentence 101,Hackers,NNS,O
,exploit,VBP,O
,Microsoft,NNP,B-V
,MSHTML,NNP,I-V
,bug,NN,O
,to,TO,O
,steal,VB,O
,Google,NNP,B-INF
,",",",",O
,Instagram,NNP,B-INF
,creds,NNS,O
Sentence 102,Security,NN,O
,researcher,NN,O
,Abdelhamid,NNP,B-ID
,Naceri,NNP,I-ID
,discovered,VBD,O
,a,DT,O
,privilege,NN,B-V
,escalation,NN,I-V
,vulnerability,NN,I-V
,in,IN,O
,Microsoft,NNP,B-INF
,Windows,NNP,I-INF
,that,WDT,O
,can,MD,O
,give,VB,B-AP
,admin,NN,I-AP
,rights,NNS,I-AP
,to,TO,I-AP
,threat,NN,I-AP
,actors,NNS,I-AP
,.,.,O
Sentence 103,The,DT,O
,vulnerability,NN,O
,was,VBD,O
,discovered,VBN,O
,when,WRB,O
,Microsoft,NNP,B-INF
,released,VBD,O
,a,DT,O
,patch,NN,O
,for,IN,O
,CVE-2021-41379,NNP,B-V
,(,(,O
,Windows,NNP,I-V
,Installer,NNP,I-V
,Elevation,NNP,I-V
,of,IN,I-V
,Privilege,NNP,I-V
,Vulnerability,NNP,I-V
,),),O
,as,IN,O
,a,DT,O
,part,NN,O
,of,IN,O
,the,DT,O
,November,NNP,O
,2021,CD,O
,Patch,NNP,O
,Tuesday,NNP,O
,.,.,O
Sentence 104,Naceri,NNP,B-ID
,found,VBD,O
,a,DT,O
,bypass,NN,O
,to,TO,O
,the,DT,O
,patch,NN,O
,",",",",O
,as,RB,O
,well,RB,O
,as,IN,O
,a,DT,O
,more,RBR,O
,severe,JJ,O
,zero-day,JJ,O
,privilege,NN,B-V
,escalation,NN,I-V
,vulnerability,NN,I-V
,",",",",O
,and,CC,O
,published,VBD,O
,a,DT,O
,proof-of-concept,JJ,B-AP
,exploit,NN,I-AP
,for,IN,O
,the,DT,O
,zero-day,NN,O
,on,IN,O
,GitHub,NNP,B-INF
,.,.,O
Sentence 105,This,DT,O
,zero-day,JJ,O
,vulnerability,NN,O
,affects,VBZ,O
,all,DT,O
,supported,JJ,O
,client,NN,O
,and,CC,O
,server,JJ,O
,versions,NNS,O
,of,IN,O
,Windows,NNP,B-INF
,",",",",O
,including,VBG,O
,Windows,NNP,B-INF
,10,CD,I-INF
,",",",",O
,Windows,VBZ,B-INF
,11,CD,I-INF
,and,CC,O
,Windows,NNP,B-INF
,Server,NNP,I-INF
,â€”,NNP,O
,even,RB,O
,with,IN,O
,the,DT,O
,latest,JJS,O
,patches,NNS,O
,.,.,O
Sentence 106,The,DT,O
,good,JJ,O
,news,NN,O
,is,VBZ,O
,that,IN,O
,a,DT,O
,threat,NN,O
,actor,NN,O
,would,MD,O
,need,VB,O
,local,JJ,B-AP
,access,NN,I-AP
,to,TO,I-AP
,the,DT,I-AP
,machine,NN,I-AP
,to,TO,O
,take,VB,O
,advantage,NN,O
,of,IN,O
,this,DT,O
,vulnerability,NN,O
,.,.,O
Sentence 107,More,RBR,O
,good,JJ,O
,news,NN,O
,is,VBZ,O
,that,IN,O
,Windows,NNP,B-INF
,Defender,NNP,I-INF
,detects,VBZ,O
,the,DT,O
,PoC,NNP,B-AP
,.,.,O
Sentence 108,Dark,NNP,B-ID
,Web,NNP,I-ID
,Spotlight,NNP,I-ID
,:,:,O
,EberspÃ¤cher,NNP,B-ID
,Group,NNP,O
,Ransomware,NNP,B-IND
,Attack,NNP,I-IND
Sentence 109,Costco,NNP,B-ID
,discloses,VBZ,O
,data,NNS,B-IND
,breach,NN,I-IND
,after,IN,O
,finding,VBG,O
,credit,NN,O
,card,NN,O
,skimmer,NN,O
Sentence 110,Apple,NNP,B-ID
,files,NNS,O
,lawsuit,NN,O
,against,IN,O
,NSO,NNP,B-ID
,Group,NNP,O
,",",",",O
,saying,VBG,O
,U.S.,NNP,O
,citizens,NNS,O
,were,VBD,O
,targets,NNS,O
Sentence 111,Security,NN,O
,researcher,NN,O
,Janggggg,NNP,B-ID
,(,(,O
,@,NNP,O
,testanull,NN,B-ID
,on,IN,O
,Twitter,NNP,B-ID
,),),O
,published,VBD,O
,a,DT,O
,proof-of-concept,JJ,B-AP
,exploit,NN,I-AP
,for,IN,O
,CVE-2021-42321,NNP,B-V
,",",",",O
,a,DT,B-V
,remote,JJ,I-V
,code,NN,I-V
,execution,NN,I-V
,(,(,O
,RCE,NNP,B-M
,),),O
,vulnerability,NN,O
,in,IN,O
,Microsoft,NNP,B-INF
,Exchange,NNP,I-INF
,that,WDT,O
,affects,VBZ,O
,on-premises,JJ,O
,servers,NNS,O
,running,VBG,O
,Microsoft,NNP,B-INF
,Exchange,NNP,I-INF
,2016,CD,O
,and,CC,O
,2019,CD,O
,",",",",O
,including,VBG,O
,those,DT,O
,using,VBG,O
,Exchange,NNP,O
,Hybrid,NNP,O
,mode,NN,O
,.,.,O
Sentence112,This,DT,O
,exploit,JJ,O
,enables,VBZ,O
,authenticated,VBN,O
,threat,NN,O
,actors,NNS,O
,to,TO,O
,execute,VB,B-AP
,code,NN,I-AP
,remotely,RB,I-AP
,on,IN,O
,vulnerable,JJ,B-INF
,servers,NNS,I-INF
,and,CC,O
,launch,NN,O
,an,DT,O
,attack,NN,O
,.,.,O
Sentence 113,Microsoft,NNP,B-INF
,â€™,NNP,O
,s,VBD,O
,November,NNP,O
,2021,CD,O
,Patch,NNP,O
,Tuesday,NNP,O
,addresses,VBZ,O
,the,DT,O
,vulnerability,NN,O
,",",",",O
,so,IN,O
,administrators,NNS,O
,should,MD,O
,patch,VB,O
,immediately,RB,O
,.,.,O
Sentence 114,New,NNP,O
,Windows,NNP,B-INF
,zero-day,NN,O
,with,IN,O
,public,JJ,O
,exploit,FW,O
,lets,VBZ,O
,you,PRP,O
,become,VBP,O
,an,DT,O
,admin,NN,O
Sentence 115,Israeli,NNP,B-L
,Spyware,NNP,O
,Firm,NNP,O
,NSO,NNP,B-INF
,At,POS,O
,Risk,NN,O
,of,IN,O
,Defaulting,NNP,O
,,POS,O
,After,IN,O
,U.S,NNP,B-L
,.,.,O
,Blacklisting,NN,B-V
Sentence 116,Exploit,NNP,I-V
,released,VBD,O
,for,IN,O
,Microsoft,NNP,B-INF
,Exchange,NNP,B-INF
,RCE,NNP,B-M
,bug,NN,I-M
,",",",",O
,patch,NN,O
,now,RB,O
Sentence 117,GoDaddy,NNP,B-ID
,discloses,VBZ,O
,recent,JJ,O
,security,NN,O
,breach,NN,O
,that,WDT,O
,exposed,VBD,O
,1.2,CD,O
,million,CD,O
,accounts,NNS,O
Sentence 118,Crypter,NNP,B-ID
,w/,VBD,
,RAT,NNP,B-M
,Payloads,NNP,I-M
,Targets,NNP,O
,OpenSea,NNP,B-ID
,and,CC,O
,BAYC,NNP,B-ID
,NFT,NNP,I-ID
,Communities,NNP,O
Sentence 119,Conti,NNP,B-ID
,ransomware,NN,O
,gang,NN,O
,suffers,NNS,O
,security,NN,O
,breach,NN,O
Sentence 120,CVE-2021-34421,NN,B-V
,:,:,O
,Incomplete,NNP,I-V
,Cleanup,NNP,I-V
,of,IN,I-V
,Messages,NNP,I-V
,In,IN,I-V
,Keybase,NNP,I-V
,for,IN,I-V
,Android/iOS,NNP,I-V
Sentence 121,Wind,NNP,O
,turbine,NN,O
,giant,NN,O
,Vestas,NNP,B-ID
,says,VBZ,O
,data,NN,O
,was,VBD,O
,compromised,VBN,O
,in,IN,O
,security,NN,O
,incident,NN,O
Sentence 122,NUCLEUS:13,NNP,B-V
,â€“,NNP,O
,Host,NNP,O
,of,IN,O
,vulnerabilities,NNS,O
,shatter,VBP,O
,Nucelus,NNP,B-INF
,TCP/IP,NNP,I-INF
,stack,NN,I-INF
,defenses,NNS,O
Sentence 123,Hikvision,NNP,B-ID
,Security,NNP,O
,Cameras,NNP,O
,Potentially,NNP,O
,Exposed,VBD,O
,to,TO,O
,Remote,NNP,B-AP
,Code,NNP,I-AP
,Execution,NNP,I-AP
Sentence 124,California,NNP,B-L
,Pizza,NNP,B-ID
,Kitchen,NNP,I-ID
,Data,NNP,O
,Breach,NNP,O
,Exposed,VBD,O
,Over,IN,O
,"100,000",CD,O
,Employee,NNP,O
,Social,NNP,B-V
,Security,NNP,I-V
,Numbers,NNP,I-V
Sentence 125,Updated,VBN,I-V
,:,:,O
,APT,JJ,O
,Exploitation,NN,O
,of,IN,O
,ManageEngine,NNP,B-ID
,ADSelfService,NNP,I-ID
,Plus,NNP,O
,Vulnerability,NNP,O
Sentence 126,FBI,NNP,B-ID
,email,NN,O
,system,NN,O
,reportedly,RB,O
,hacked,VBD,O
,to,TO,O
,send,VB,B-AP
,fake,JJ,I-AP
,DHS,NNP,I-AP
,cyberattack,NN,O
,messages,NNS,O
Sentence 127,The,DT,O
,hack,NN,O
,happened,VBD,O
,on,IN,O
,Saturday,NNP,O
,morning,NN,O
,amid,IN,O
,several,JJ,O
,reports,NNS,O
,of,IN,O
,messages,NNS,O
,sent,VBN,O
,from,IN,O
,the,DT,O
,agency,NN,O
,s,POS,O
,email,NN,O
,infrastructure,NN,O
,purporting,VBG,O
,to,TO,O
,be,VB,O
,a,DT,O
,warning,NN,O
,from,IN,O
,the,DT,O
,Department,NNP,B-ID
,of,IN,I-ID
,Homeland,NNP,I-ID
,Security,NNP,I-ID
,(,(,O
,DHS,NNP,B-ID
,),),O
,about,IN,O
,a,DT,O
,cyberattack,NN,O
,.,.,O
Sentence 128,While,IN,O
,the,DT,O
,illegitimate,JJ,B-AP
,email,NN,I-AP
,originated,VBN,O
,from,IN,O
,an,DT,O
,FBI,NNP,B-ID
,operated,VBD,O
,server,NN,O
,",",",",O
,that,WDT,O
,serverâ€¦was,VBZ,O
,not,RB,O
,part,NN,O
,of,IN,O
,the,DT,O
,FBI,NNP,B-ID
,s,POS,O
,corporate,JJ,O
,email,NN,O
,service,NN,O
Sentence 129,Surveillance,NNP,B-ID
,firm,NN,O
,pays,VBZ,O
,$,$,O
,1,CD,O
,million,CD,O
,fine,NN,O
,after,IN,O
,â€˜,JJ,O
,spy,NN,B-IND
,van,NN,I-IND
,â€™,NNP,O
,scandal,NN,O
Sentence 130,The,DT,O
,Office,NNP,O
,of,IN,O
,the,DT,O
,Commissioner,NNP,B-ID
,for,IN,I-ID
,Personal,NNP,I-ID
,Data,NNP,I-ID
,Protection,NNP,I-ID
,in,IN,O
,Cyprus,NNP,B-ID
,has,VBZ,O
,collected,VBN,O
,a,DT,O
,$,$,O
,1,CD,O
,million,CD,O
,fine,NN,O
,from,IN,O
,intelligence,NN,O
,company,NN,O
,WiSpear,NNP,B-ID
,for,IN,O
,gathering,VBG,O
,mobile,JJ,O
,data,NNS,O
,from,IN,O
,various,JJ,O
,individuals,NNS,O
,arriving,VBG,O
,at,IN,O
,the,DT,O
,airport,NN,O
,in,IN,O
,Larnaca,NNP,B-L
,.,.,O
Sentence 131,In,IN,O
,2019,CD,O
,",",",",O
,a,DT,O
,Chevrolet,NNP,O
,van,NN,O
,packed,VBD,O
,with,IN,O
,at,IN,O
,least,JJS,O
,$,$,O
,3.5,CD,O
,million,CD,O
,worth,NN,O
,of,IN,O
,equipment,NN,O
,that,WDT,O
,could,MD,O
,hack,VB,O
,Android,NNP,B-INF
,smartphones,NNS,I-INF
,and,CC,O
,steal,VB,O
,data,NNS,O
,including,VBG,O
,WhatsApp,NNP,B-INF
,and,CC,O
,Signal,NNP,B-INF
,messages,NNS,B-AP
,",",",",O
,was,VBD,O
,stationed,VBN,O
,near,IN,O
,the,DT,O
,airport,NN,O
,.,.,O
Sentence 132,Cloudflare,NNP,B-ID
,stops,VBZ,O
,a,DT,O
,giant,JJ,O
,DDoS,NNP,B-AP
,attack,NN,I-AP
Sentence 133,This,DT,O
,attack,NN,O
,came,VBD,O
,from,IN,O
,"15,000",CD,O
,bots,NNS,B-M
,running,VBG,O
,a,DT,O
,variant,NN,O
,of,IN,O
,the,DT,O
,original,JJ,O
,Mirai,NNP,B-M
,code,NN,I-M
,on,IN,O
,exploited,VBN,O
,IoT,NNP,B-INF
,devices,NNS,I-INF
,as,RB,O
,well,RB,O
,as,IN,O
,unpatched,JJ,B-AP
,instances,NNS,I-AP
,from,IN,I-AP
,GitLab,NNP,I-AP
,.,.,O
Sentence 134,Rapid7,NNP,B-ID
,warned,VBD,O
,that,IN,O
,GitLab,NNP,B-ID
,instances,NNS,O
,could,MD,O
,be,VB,O
,used,VBN,O
,for,IN,O
,such,JJ,O
,an,DT,O
,attack,NN,O
,two,CD,O
,weeks,NNS,O
,ago,RB,O
,",",",",O
,saying,VBG,O
,that,IN,O
,roughly,RB,O
,"30,000",CD,B-V
,internet-facing,JJ,I-V
,instances,NNS,I-V
,remained,VBD,I-V
,unpatched,JJ,I-V
,at,IN,O
,that,DT,O
,time,NN,O
Sentence 135,Following,VBG,O
,up,RP,O
,on,IN,O
,a,DT,O
,story,NN,O
,we,PRP,O
,brought,VBD,O
,you,PRP,O
,last,JJ,O
,week,NN,O
,",",",",O
,the,DT,O
,data,NNS,O
,of,IN,O
,approximately,RB,O
,7,CD,O
,million,CD,O
,Robinhood,NNP,B-ID
,customers,NNS,O
,stolen,VBN,O
,in,IN,O
,a,DT,O
,data,NN,O
,breach,NN,O
,that,WDT,O
,began,VBD,O
,by,IN,O
,social,JJ,B-AP
,engineering,NN,I-AP
,a,DT,O
,customer,NN,O
,service,NN,O
,rep,NN,O
,",",",",O
,is,VBZ,O
,now,RB,O
,being,VBG,O
,sold,VBN,O
,by,IN,O
,the,DT,O
,hacker,NN,O
,for,IN,O
,at,IN,O
,least,JJS,O
,$,$,O
,"10,000",CD,O
,.,.,O
Sentence 136,Two,CD,O
,days,NNS,O
,after,IN,O
,Robinhood,NNP,B-ID
,disclosed,VBD,O
,the,DT,O
,attack,NN,O
,",",",",O
,and,CC,O
,after,IN,O
,a,DT,O
,failed,JJ,O
,extorsion,NN,B-AP
,attempt,NN,I-AP
,",",",",O
,a,DT,O
,threat,NN,O
,actor,NN,O
,named,VBN,O
,â€˜,NNP,O
,pompompurin,NN,B-TA
,â€™,NN,O
,announced,VBD,O
,on,IN,O
,a,DT,O
,hacking,NN,O
,forum,NN,O
,that,IN,O
,they,PRP,O
,were,VBD,O
,selling,VBG,O
,the,DT,O
,data,NNS,O
,including,VBG,O
,email,NN,O
,addresses,NNS,O
,and,CC,O
,full,JJ,O
,names,NNS,O
,of,IN,O
,millions,NNS,O
,of,IN,O
,customers,NNS,O
,and,CC,O
,more,RBR,O
,extensive,JJ,O
,details,NNS,O
,for,IN,O
,a,DT,O
,small,JJ,O
,subset,NN,O
,of,IN,O
,individuals,NNS,O
,.,.,O
Sentence 137,Pompompurin,NNP,B-TA
,",",",",O
,is,VBZ,O
,the,DT,O
,same,JJ,O
,threat,NN,O
,actor,NN,O
,responsible,JJ,O
,for,IN,O
,abusing,VBG,O
,FBI,NNP,B-ID
,email,NN,O
,servers,NNS,O
,to,TO,O
,send,VB,O
,threatening,VBG,B-IND
,emails,NNS,I-IND
,over,IN,O
,the,DT,O
,weekend,NN,O
,.,.,O
Sentence 138,Dangerous,JJ,O
,XSS,NNP,B-M
,bug,NN,I-M
,in,IN,O
,Google,NNP,B-ID
,Chrome,NNP,I-ID
,â€™,NNP,O
,s,VBD,O
,â€˜,NNP,O
,New,NNP,O
,Tab,NNP,O
,â€™,NNP,O
,page,NN,O
,bypassed,VBD,O
,security,NN,O
,features,NNS,O
Sentence 139,Breaking,VBG,O
,the,DT,O
,News,NNP,O
,:,:,O
,New,NNP,B-L
,York,NNP,I-L
,Times,NNP,O
,Journalist,NNP,O
,Ben,NNP,B-ID
,Hubbard,NNP,I-ID
,Hacked,NNP,O
,with,IN,O
,Pegasus,NNP,B-M
,after,IN,O
,Reporting,VBG,O
,on,IN,O
,Previous,NNP,O
,Hacking,NNP,O
,Attempts,NNP,O
Sentence 140,PerSwaysion,NN,B-C
,Phishing,VBG,I-C
,Campaign,NNP,I-C
,Continues,NNP,O
,to,TO,O
,Be,VB,O
,an,DT,O
,Active,JJ,O
,Threat,NN,O
,for,IN,O
,Organizations,NNS,O
Sentence 141,New,NNP,O
,international,JJ,B-ID
,cyber,NN,I-ID
,advisory,JJ,I-ID
,issued,VBN,O
,today,NN,O
,by,IN,O
,FBI,NNP,B-ID
,",",",",O
,CISA,NNP,B-ID
,",",",",O
,Australia,NNP,B-L
,s,POS,O
,ACSC,NNP,B-ID
,",",",",O
,and,CC,O
,the,DT,O
,UK,NNP,B-L
,s,POS,O
,NCSC,NNP,B-ID
,on,IN,O
,#,#,O
,Iran,NNP,B-L
,government,NN,O
,sponsored,VBD,O
,APT,NNP,O
,cyber,NN,O
,actors,NNS,O
,exploiting,VBG,O
,Microsoft,NNP,B-INF
,Exchange,NNP,I-INF
,and,CC,O
,Fortinet,NNP,B-V
,Vulnerabilities,NNP,I-V
,in,IN,O
,furtherance,NN,O
,of,IN,O
,malicious,JJ,O
,activities,NNS,O
Sentence 142,Emotet,NNP,B-M
,Malware,NNP,I-M
,is,VBZ,O
,reborn,VBN,O
,and,CC,O
,spreading,VBG,O
,via,IN,O
,TrickBot,NNP,B-INF
,infrastructure,NN,I-INF
,-,:,O
,The,DT,B-ID
,Cybersecurity,NNP,I-ID
,Times,NNP,I-ID
Sentence 143,Every,DT,O
,package,NN,O
,in,IN,O
,the,DT,O
,npm,JJ,B-INF
,registry,NN,I-INF
,was,VBD,O
,exposed,VBN,O
,to,TO,O
,possible,JJ,O
,compromise,NN,O
,for,IN,O
,a,DT,O
,long,JJ,O
,time,NN,O
Sentence 144,MosesStaff,NN,B-ID
,Locks,VBZ,O
,Up,NNP,O
,Targets,NNP,O
,",",",",O
,with,IN,O
,No,DT,O
,Ransom,NNP,O
,Demand,NNP,O
,",",",",O
,No,NNP,O
,Decryption,NNP,O
Sentence 145,High-Severity,NNP,B-V
,Intel,NNP,I-V
,Processor,NNP,I-V
,Bug,NNP,O
,Exposes,NNP,B-AP
,Encryption,NNP,I-AP
,Keys,NNP,I-AP
Sentence 146,Chinese,JJ,B-ID
,Spy,NNP,I-ID
,Boss,NNP,I-ID
,â€™,NNP,O
,Conviction,NNP,O
,Marks,NNP,O
,New,NNP,O
,Chapter,NNP,O
,in,IN,O
,War,NNP,O
,on,IN,O
,Espionage,NN,O
Sentence 147,Exchange,NNP,O
,Exploit,NNP,O
,Leads,NNP,O
,to,TO,O
,Domain,NNP,O
,Wide,NNP,O
,Ransomware,NNP,O
Sentence 148,Australian,JJ,B-ID
,Health,NNP,I-ID
,Services,NNPS,I-ID
,Privacy,NNP,O
,Breach,NNP,O
,November,NNP,O
,2021,CD,O
,:,:,O
,South,NNP,B-L
,Australia,NNP,I-L
,Ambulance,NNP,O
,Service,NNP,O
,patients,NNS,O
,,POS,O
,personal,JJ,B-AP
,information,NN,I-AP
,stolen,VBN,I-AP
,from,IN,I-AP
,consultancy,NN,I-AP
,firm,NN,I-AP
,.,.,O
,The,DT,O
,personal,JJ,B-AP
,details,NNS,I-AP
,of,IN,I-AP
,"28,000",CD,I-AP
,patients,NNS,I-AP
,have,VBP,O
,been,VBN,O
,lost,VBN,O
,on,IN,O
,a,DT,O
,stolen,VBN,O
,a,DT,O
,storage,NN,O
,device,NN,O
,.,.,O
Sentence 149,Revealing,VBG,O
,LAMBERTS/LONGHORN,NNP,B-M
,Malware,NNP,I-M
,Capabilities,NNP,O
,using,VBG,O
,a,DT,O
,step-by-step,JJ,O
,approach,NN,O
Sentence 150,someone,NN,O
,is,VBZ,O
,spamming,VBG,B-AP
,people,NNS,I-AP
,from,IN,I-AP
,one,CD,I-AP
,fbi,NN,I-AP
,server,NN,I-AP
,:,:,O
,Sending,VBG,I-AP
,IP,NNP,I-AP
,:,:,O
,153.31.119.142,CD,B-V
,(,(,O
,https,NN,B-V
,:,:,I-V
,//t.co/En06mMbR88,NN,I-V
,),),O
,From,IN,O
,:,:,O
,eims,NNS,B-INF
,@,VBP,I-INF
,ic.fbi.gov,JJ,I-INF
,Subject,NN,O
,:,:,O
,Urgent,NN,O
,:,:,O
,Threat,NN,O
,actor,NN,O
,in,IN,O
,systems,NNS,O
Sentence 151,Threat,NN,O
,Alert,NNP,O
,:,:,O
,Krane,NNP,B-M
,Malware,NNP,I-M
Sentence 152,Hackers,NNS,O
,Targeted,VBD,O
,Apple,NNP,B-ID
,Devices,NNPS,I-ID
,in,IN,O
,Hong,NNP,B-L
,Kong,NNP,I-L
,for,IN,O
,Widespread,NNP,O
,Attack,NNP,O
Sentence 153,Zero-Day,JJ,O
,Disclosure,NN,O
,:,:,O
,PAN,NNP,B-ID
,GlobalProtect,NNP,I-ID
,CVE-2021-3064,NNP,B-V
Sentence 154,Remote,NNP,B-V
,Code,NNP,I-V
,Execution,NNP,I-V
,Flaw,NNP,O
,in,IN,O
,Palo,NNP,B-ID
,Alto,NNP,I-ID
,GlobalProtect,NNP,I-ID
,VPN,NNP,B-T
,-,:,O
,Critical,JJ,O
,9.8,CD,O
Sentence 155,A,DT,O
,Detailed,JJ,O
,Analysis,NN,O
,of,IN,O
,Lazarus,NNP,B-TA
,â€™,NNP,O
,RAT,NNP,B-ID
,Called,NNP,O
,FALLCHILL,NNP,B-ID
Sentence 156,Robinhood,NNP,B-ID
,Security,NNP,O
,Breach,NNP,O
,Exposes,NNP,O
,Data,NNP,O
,on,IN,O
,Millions,NNP,O
,of,IN,O
,Users,NNS,O
Sentence 157,Evil,NNP,B-ID
,Flower,NNP,I-ID
,,POS,O
,:,:,O
,Chinese,JJ,B-ID
,Media,NNP,I-ID
,Goes,NNP,O
,Ballistic,NNP,O
,Over,NNP,O
,Alleged,NNP,O
,Cyber,NNP,O
,Warfare,NNP,O
,By,IN,O
,Indian,JJ,B-L
,Govt-Backed,NNP,O
,Group,NNP,O
,,POS,O
,On,IN,O
,Defense,NNP,O
,Facilities,NNS,O
Sentence 158,Media,NNP,B-ID
,Markt,NNP,I-ID
,hit,VBD,O
,with,IN,O
,$,$,O
,240,CD,O
,million,CD,O
,ransomware,NN,O
,attack,NN,O
Sentence 159,TA505,NNP,B-M
,exploits,VBZ,O
,SolarWinds,NNP,B-ID
,Serv-U,NNP,B-V
,vulnerability,NN,I-V
,(,(,O
,CVE-2021-35211,NNP,B-V
,),),O
,for,IN,O
,initial,JJ,O
,access,NN,O
Sentence 160,Nucleus,JJ,B-INF
,Net,NNP,I-INF
,TCP/IP,NNP,I-INF
,stack,NN,I-INF
,(,(,O
,dubbed,VBN,O
,Nucleus13,NNP,B-V
,),),O
,affected,VBN,O
,by,IN,O
,13,CD,O
,new,JJ,O
,vulnerabilities,NNS,O
,affecting,VBG,O
,various,JJ,O
,IoT,NNP,B-INF
,and,CC,O
,Medical,NNP,B-INF
Sentence 161,Embedded,VBN,O
,Malware,NNP,O
,in,IN,O
,Coa,NNP,B-ID
Sentence 162,A,DT,O
,Technical,JJ,O
,Analysis,NN,O
,of,IN,O
,CVE-2021-30864,NNP,B-V
,:,:,O
,Bypassing,NNP,B-V
,App,NNP,I-V
,Sandbox,NNP,I-V
,Restrictions,NNP,I-V
Sentence 163,Iranian,JJ,B-TA
,Black,NNP,I-TA
,Shadow,NNP,I-TA
,hacking,VBG,I-TA
,group,NN,I-TA
,breaches,NNS,B-AP
,Israeli,NNP,I-AP
,Internet,NNP,I-AP
,hosting,NN,I-AP
,firm,NN,I-AP
Sentence 164,The,DT,O
,group,NN,O
,compromised,VBD,B-AP
,the,DT,I-AP
,server,NN,I-AP
,of,IN,I-AP
,the,DT,I-AP
,Israeli,NNP,I-AP
,internet,NN,I-AP
,hosting,VBG,I-AP
,company,NN,I-AP
,Cyberserve,NNP,B-ID
,",",",",O
,taking,VBG,B-AP
,down,RP,I-AP
,several,JJ,I-AP
,of,IN,I-AP
,the,DT,I-AP
,sites,NNS,I-AP
,that,IN,I-AP
,it,PRP,I-AP
,hosts,VBZ,I-AP
,.,.,O
Sentence 165,The,DT,O
,group,NN,O
,announced,VBD,O
,the,DT,O
,attack,NN,O
,on,IN,O
,Twitter,NNP,O
,on,IN,O
,Friday,NNP,O
,",",",",O
,and,CC,O
,then,RB,O
,published,VBD,B-AP
,some,DT,I-AP
,of,IN,I-AP
,the,DT,I-AP
,stolen,VBN,I-AP
,data,NNS,I-AP
,shortly,RB,O
,afterwards,NNS,O
,",",",",O
,stating,VBG,O
,that,IN,O
,Cyberserve,NNP,B-ID
,had,VBD,O
,not,RB,O
,yet,RB,O
,contacted,VBN,O
,them,PRP,O
,.,.,O
Sentence 166,Black,NNP,B-ID
,Shadow,NNP,I-ID
,was,VBD,O
,responsible,JJ,O
,for,IN,O
,the,DT,O
,hack,NN,O
,of,IN,O
,Israeli,NNP,O
,insurance,NN,O
,firm,NN,O
,Shirbit,NNP,B-ID
,in,IN,O
,December,NNP,O
,last,JJ,O
,year,NN,O
,.,.,O
,In,IN,O
,that,DT,O
,attack,NN,O
,it,PRP,O
,had,VBD,O
,a,DT,O
,$,$,O
,1,CD,O
,million,CD,O
,ransom,NN,O
,",",",",O
,but,CC,O
,the,DT,O
,victim,NN,O
,refused,VBD,O
,to,TO,O
,pay,VB,O
,it,PRP,O
,.,.,O
Sentence 167,SSU,NNP,B-ID
,intercepted,VBD,O
,conversations,NNS,O
,of,IN,O
,FSB,NNP,B-ID
,hackers,NNS,O
,who,WP,O
,carried,VBD,O
,out,RP,O
,over,IN,O
,5000,CD,O
,cyber,NN,O
,attacks,NNS,O
Sentence 168,A,DT,O
,botnet,NN,B-M
,of,IN,I-M
,GitLab,NNP,I-M
,instances,NNS,O
,(,(,O
,exploited,VBN,O
,via,IN,O
,CVE-2021-22205,NNP,B-V
,),),O
,is,VBZ,O
,hurling,VBG,B-AP
,1,CD,I-AP
,Tbps,NNP,I-AP
,DDoS,NNP,I-AP
,attacks,NNS,I-AP
,",",",",O
,reported,VBN,O
,by,IN,O
,@,NNP,O
,menscher,NN,B-ID
,of,IN,I-ID
,Google,NNP,I-ID
,DDoS,NNP,I-ID
,defense,NN,I-ID
,team,NN,I-ID
Sentence 169,A,DT,O
,step-by-step,JJ,O
,analysis,NN,O
,of,IN,O
,the,DT,O
,new,JJ,O
,malware,NN,O
,used,VBN,O
,by,IN,O
,APT28/Sofacy,NNP,B-TA
,called,VBD,O
,SkinnyBoy,NNP,B-M
Sentence 170,Malware,NNP,O
,Discovered,NNP,O
,in,IN,O
,Popular,NNP,O
,NPM,NNP,B-INF
,Package,NNP,I-INF
,",",",",O
,ua-parser-js,JJ,I-INF
Sentence 171,Lazarus,NNP,B-TA
,Attackers,NNP,I-TA
,Turn,NNP,O
,to,TO,O
,the,DT,O
,IT,NNP,B-ID
,Supply,NNP,I-ID
,Chain,NNP,I-ID
Sentence 172,Russian,JJ,B-TA
,state,NN,I-TA
,hackers,NNS,I-TA
,use,VBP,O
,new,JJ,O
,TinyTurla,NNP,B-M
,malware,NN,I-M
,as,IN,O
,secondary,JJ,I-M
,backdoor,NN,I-M
Sentence 173,horizon3ai/CVE-2021-38647,NN,B-V
,:,:,O
,Proof,NN,B-AP
,on,IN,I-AP
,Concept,NNP,I-AP
,Exploit,NNP,I-AP
,for,IN,O
,CVE-2021-38647,NNP,B-V
,(,(,O
,OMIGOD,NNP,I-V
,),),O
Sentence 174,PrintNightmare,NNP,B-V
,vulnerability,NN,I-V
,weaponized,VBN,O
,by,IN,O
,Magniber,NNP,B-TA
,ransomware,NN,I-TA
,gang,NN,I-TA
Sentence 175,Threat,NN,O
,Alert,NNP,O
,:,:,O
,Mirai/Gafgyt,NNP,B-M
,Fork,NNP,I-M
,with,IN,O
,New,NNP,O
,DDoS,NNP,B-INF
,Modules,NNP,I-INF
,Discovered,NNP,O
Sentence 176,Magniber,NNP,B-M
,Ransomware,NNP,I-M
,Caught,NNP,O
,Using,NNP,O
,PrintNight,NNP,B-V
Sentence 177,Dissecting,VBG,O
,a,DT,O
,new,JJ,O
,dropper,NN,O
,attributed,VBN,O
,to,TO,O
,APT31,NNP,B-TA
,(,(,O
,Zirconium/Judgment,NNP,I-TA
,Panda,NNP,I-TA
,),),O
,targeting,VBG,O
,Mongolia,NNP,B-L
,",",",",O
,Russia,NNP,I-L
,",",",",O
,and,CC,O
,the,DT,O
,US,NNP,B-L
,-,:,O
,among,IN,O
,others,NNS,O
,.,.,O
,IOCs,NNP,O
,included,VBD,O
Sentence 178,TA551,NNP,B-TA
,(,(,O
,Shathak,NNP,I-TA
,),),O
,continues,VBZ,O
,pushing,VBG,O
,BazarLoader,NNP,B-M
,",",",",O
,infections,NNS,I-M
,lead,VBP,O
,to,TO,O
,Cobalt,NNP,B-T
,Strike,NN,I-T
Sentence 179,Wormable,JJ,B-M
,DarkRadiation,NNP,I-M
,Ransomware,NNP,I-M
,Targets,NNP,O
,Linux,NNP,B-INF
,and,CC,O
,Docker,NNP,B-INF
,Instances,NNP,I-INF
Sentence 180,AT,NNP,B-ID
,&,CC,I-ID
,T,NNP,I-ID
,Alien,NNP,B-ID
,Labs,NNP,I-ID
,finds,VBZ,O
,new,JJ,O
,Golang,NNP,B-M
,malware,NN,I-M
,(,(,O
,BotenaGo,NNP,I-M
,),),O
,targeting,VBG,B-AP
,millions,NNS,I-AP
,of,IN,I-AP
,routers,NNS,I-AP
,and,CC,I-AP
,IoT,NNP,I-AP
,devices,NNS,I-AP
,with,IN,O
,more,JJR,O
,than,IN,O
,30,CD,O
,exploits,NNS,O
Sentence 181,Vidar,NNP,B-C
,stealer,NN,I-C
,campaign,NN,I-C
,targeting,VBG,O
,Baltic,JJ,B-L
,region,NN,I-L
,and,CC,O
,NATO,NNP,B-ID
,entities,NNS,O